[{
  "_id": {
    "$oid": "608b8bb6e118a46c88654a04"
  },
  "CategoryID": 1,
  "CategoryName": "Grocery",
  "CategoryImage": "d4a555df-a6ca-4f4e-bb70-354b7312e814.jpg",
  "CategoryDescription": "<p>This feature provides your customers with a rich experience and helps them search from a wide variety of products that they are not able to find in <strong>grocery</strong> stores</p>",
  "ParentCategoryID": 0,
  "ParentCategoryName": "[None]",
  "PriceRange": "",
  "ShowInHomePage": false,
  "ShowFeaturedProductInHomeScreen": false,
  "IncludeInTopMenu": false,
  "IsFood": false,
  "CategoryType": 2,
  "published": false,
  "DisplayOrder": 3,
  "Status": 1,
  "IsDeleted": 0,
  "CategoryString": "Grocery",
  "ServiceFee": "0.0",
  "DeliveryFee": "0.0",
  "FrangacyId": 1
},{
  "_id": {
    "$oid": "6090f31fbc205706754980f6"
  },
  "CategoryID": 2,
  "CategoryName": "Food",
  "CategoryImage": "d6fa090f-de9e-49ce-85a0-9e9224679f06.jpg",
  "CategoryDescription": "<p>Tasty</p>",
  "ParentCategoryID": 0,
  "ParentCategoryName": "[None]",
  "PriceRange": "",
  "ShowInHomePage": false,
  "ShowFeaturedProductInHomeScreen": false,
  "IncludeInTopMenu": false,
  "IsFood": false,
  "CategoryType": 1,
  "published": false,
  "DisplayOrder": 1,
  "Status": 1,
  "IsDeleted": 0,
  "CategoryString": "Food",
  "ServiceFee": "0.0",
  "DeliveryFee": "0.0",
  "FrangacyId": 1
},{
  "_id": {
    "$oid": "6090f617bc205706754980f7"
  },
  "CategoryID": 3,
  "CategoryName": "Farmers Zone",
  "CategoryImage": "02556c3f-95ca-4535-af83-70fefca9439c.jpg",
  "CategoryDescription": "<p>Fresh fruits and vegetables</p>",
  "ParentCategoryID": 0,
  "ParentCategoryName": "[None]",
  "PriceRange": "",
  "ShowInHomePage": false,
  "ShowFeaturedProductInHomeScreen": false,
  "IncludeInTopMenu": false,
  "IsFood": false,
  "CategoryType": 0,
  "published": false,
  "DisplayOrder": 4,
  "Status": 1,
  "IsDeleted": 0,
  "CategoryString": "Farmers Zone",
  "ServiceFee": "0.0",
  "DeliveryFee": "0.0",
  "FrangacyId": 1
},{
  "_id": {
    "$oid": "6090f797bc205706754980f8"
  },
  "CategoryID": 4,
  "CategoryName": "Fashion Zone",
  "CategoryImage": "b9c28407-451e-49af-b86b-c574fedc3d38.jpg",
  "CategoryDescription": "<p>Attractive Zone</p>",
  "ParentCategoryID": 0,
  "ParentCategoryName": "[None]",
  "PriceRange": "",
  "ShowInHomePage": false,
  "ShowFeaturedProductInHomeScreen": false,
  "IncludeInTopMenu": false,
  "IsFood": false,
  "CategoryType": 0,
  "published": false,
  "DisplayOrder": 6,
  "Status": 1,
  "IsDeleted": 0,
  "CategoryString": "Fashion Zone",
  "ServiceFee": "0.0",
  "DeliveryFee": "0.0",
  "FrangacyId": 1
},{
  "_id": {
    "$oid": "6090f930bc205706754980f9"
  },
  "CategoryID": 5,
  "CategoryName": "Fish and Meat",
  "CategoryImage": "3023e1f5-1a5a-4609-8988-6323410b6602.jpg",
  "CategoryDescription": "<p>Fresh &amp; Cleaned&nbsp;</p>",
  "ParentCategoryID": 0,
  "ParentCategoryName": "[None]",
  "PriceRange": "",
  "ShowInHomePage": false,
  "ShowFeaturedProductInHomeScreen": false,
  "IncludeInTopMenu": false,
  "IsFood": false,
  "CategoryType": 0,
  "published": false,
  "DisplayOrder": 2,
  "Status": 1,
  "IsDeleted": 0,
  "CategoryString": "Fish and Meat",
  "ServiceFee": "0.0",
  "DeliveryFee": "0.0",
  "FrangacyId": 1
},{
  "_id": {
    "$oid": "6090ff39bc205706754980fc"
  },
  "CategoryID": 6,
  "CategoryName": "Vegetables and Fruits",
  "CategoryImage": "4b387fbb-29eb-4f9e-832e-04eb7dcd3a78.jpg",
  "CategoryDescription": "<p>Fresh</p>",
  "ParentCategoryID": 0,
  "ParentCategoryName": "[None]",
  "PriceRange": "",
  "ShowInHomePage": false,
  "ShowFeaturedProductInHomeScreen": false,
  "IncludeInTopMenu": false,
  "IsFood": false,
  "CategoryType": 0,
  "published": false,
  "DisplayOrder": 5,
  "Status": 1,
  "IsDeleted": 0,
  "CategoryString": "Vegetables and Fruits",
  "ServiceFee": "0.0",
  "DeliveryFee": "0.0",
  "FrangacyId": 1
},{
  "_id": {
    "$oid": "60910cd4bc205706754980ff"
  },
  "CategoryID": 7,
  "CategoryName": "Chinese Dishes",
  "CategoryImage": "0dab19aa-1f2c-4c6e-a825-0f71dfdc2db4.jpg",
  "CategoryDescription": "<h2>Chinese Dishes</h2>",
  "ParentCategoryID": 2,
  "ParentCategoryName": "Food",
  "PriceRange": "",
  "ShowInHomePage": true,
  "ShowFeaturedProductInHomeScreen": true,
  "IncludeInTopMenu": false,
  "IsFood": false,
  "CategoryType": 1,
  "published": false,
  "DisplayOrder": 1,
  "Status": 1,
  "IsDeleted": 0,
  "CategoryString": "Food/Chinese Dishes",
  "ServiceFee": "0.0",
  "DeliveryFee": "0.0",
  "FrangacyId": 1
},{
  "_id": {
    "$oid": "60912fea5b150d8636099a4d"
  },
  "CategoryID": 8,
  "CategoryName": "Arabian Dishes",
  "CategoryImage": "0ddcd564-619a-467e-9f55-1706c4068073.jpg",
  "CategoryDescription": "<p>Tasty &amp; Yummy</p>",
  "ParentCategoryID": 2,
  "ParentCategoryName": "Food",
  "PriceRange": "",
  "ShowInHomePage": true,
  "ShowFeaturedProductInHomeScreen": true,
  "IncludeInTopMenu": false,
  "IsFood": false,
  "CategoryType": 1,
  "published": false,
  "DisplayOrder": 2,
  "Status": 1,
  "IsDeleted": 0,
  "CategoryString": "Food/Arabian Dishes",
  "ServiceFee": "0.0",
  "DeliveryFee": "0.0",
  "FrangacyId": 1
},{
  "_id": {
    "$oid": "6091302d5b150d8636099a4e"
  },
  "CategoryID": 9,
  "CategoryName": "Kerala Dishes",
  "CategoryImage": "20640912-3857-4df0-a8b6-38e01a10a656.jpg",
  "CategoryDescription": "<p>Yummy</p>",
  "ParentCategoryID": 2,
  "ParentCategoryName": "Food",
  "PriceRange": "",
  "ShowInHomePage": true,
  "ShowFeaturedProductInHomeScreen": true,
  "IncludeInTopMenu": false,
  "IsFood": false,
  "CategoryType": 1,
  "published": false,
  "DisplayOrder": 3,
  "Status": 1,
  "IsDeleted": 0,
  "CategoryString": "Food/Kerala Dishes ",
  "ServiceFee": "0.0",
  "DeliveryFee": "0.0",
  "FrangacyId": 1
},{
  "_id": {
    "$oid": "609130785b150d8636099a4f"
  },
  "CategoryID": 10,
  "CategoryName": "Mexican Specials",
  "CategoryImage": "8c2f146b-64da-45af-926d-54cbddf7c27f.jpg",
  "CategoryDescription": "<p>Shawarma Specials</p>",
  "ParentCategoryID": 2,
  "ParentCategoryName": "Food",
  "PriceRange": "",
  "ShowInHomePage": true,
  "ShowFeaturedProductInHomeScreen": true,
  "IncludeInTopMenu": false,
  "IsFood": false,
  "CategoryType": 1,
  "published": false,
  "DisplayOrder": 4,
  "Status": 1,
  "IsDeleted": 0,
  "CategoryString": "Food/Mexican Specials",
  "ServiceFee": "0.0",
  "DeliveryFee": "0.0",
  "FrangacyId": 1
},{
  "_id": {
    "$oid": "6092232e0f215a961926b43e"
  },
  "CategoryID": 11,
  "CategoryName": "Beirut",
  "CategoryImage": "e5094fb7-4030-4af9-97f4-f52cca09ea55.jpg",
  "CategoryDescription": "<p>Top Brand</p>",
  "ParentCategoryID": 2,
  "ParentCategoryName": "Food",
  "PriceRange": "",
  "ShowInHomePage": true,
  "ShowFeaturedProductInHomeScreen": true,
  "IncludeInTopMenu": false,
  "IsFood": false,
  "CategoryType": 1,
  "published": false,
  "DisplayOrder": 1,
  "Status": 2,
  "IsDeleted": 0,
  "CategoryString": "Food/Beirut",
  "ServiceFee": "0.0",
  "DeliveryFee": "0.0",
  "FrangacyId": 1
},{
  "_id": {
    "$oid": "60925beaf11d926fbf8428e2"
  },
  "CategoryID": 12,
  "CategoryName": "Agarbathis",
  "CategoryImage": "e46272a3-3dad-4e07-ba06-ac546e91d7d2.jpg",
  "CategoryDescription": "<p>Nice</p>",
  "ParentCategoryID": 1,
  "ParentCategoryName": "Grocery",
  "PriceRange": "15- 20",
  "ShowInHomePage": false,
  "ShowFeaturedProductInHomeScreen": false,
  "IncludeInTopMenu": false,
  "IsFood": false,
  "CategoryType": 2,
  "published": false,
  "DisplayOrder": 1,
  "Status": 2,
  "IsDeleted": 0,
  "CategoryString": "Grocery/Agarbathis",
  "ServiceFee": "0.0",
  "DeliveryFee": "0.0",
  "FrangacyId": 1
},{
  "_id": {
    "$oid": "60a4ca3a6c018234f54257b4"
  },
  "CategoryID": 13,
  "CategoryName": "Broasted",
  "CategoryImage": "912e4902-e7a2-48e3-8e62-b7a3db209ea7.jpg",
  "CategoryDescription": "<p>Broasted Dishes provided restaurant</p>",
  "ParentCategoryID": 2,
  "ParentCategoryName": "Food",
  "PriceRange": "",
  "ShowInHomePage": false,
  "ShowFeaturedProductInHomeScreen": false,
  "IncludeInTopMenu": false,
  "IsFood": false,
  "CategoryType": 1,
  "published": false,
  "DisplayOrder": 0,
  "Status": 1,
  "IsDeleted": 0,
  "CategoryString": "Food/Broasted",
  "ServiceFee": "0.0",
  "DeliveryFee": "0.0",
  "FrangacyId": 1
},{
  "_id": {
    "$oid": "60a65273ea784be8cc1c75c4"
  },
  "CategoryID": 14,
  "CategoryName": "Italian Dishes",
  "CategoryImage": "12706361-c3b2-4416-b0d3-b6a89d994ebe.jpg",
  "CategoryDescription": "<p>Dishes of Italian&nbsp;</p>",
  "ParentCategoryID": 2,
  "ParentCategoryName": "Food",
  "PriceRange": "",
  "ShowInHomePage": false,
  "ShowFeaturedProductInHomeScreen": false,
  "IncludeInTopMenu": false,
  "IsFood": false,
  "CategoryType": 1,
  "published": false,
  "DisplayOrder": 0,
  "Status": 1,
  "IsDeleted": 0,
  "CategoryString": "Food/Italian Dishes",
  "ServiceFee": "0.0",
  "DeliveryFee": "0.0",
  "FrangacyId": 1
},{
  "_id": {
    "$oid": "60a652a3ea784be8cc1c75c5"
  },
  "CategoryID": 15,
  "CategoryName": "Beverages",
  "CategoryImage": "32c9f683-c86d-4d0e-809b-301ecba9329d.jpg",
  "CategoryDescription": "<p>Hot &amp; Cold beverages</p>",
  "ParentCategoryID": 2,
  "ParentCategoryName": "Food",
  "PriceRange": "",
  "ShowInHomePage": false,
  "ShowFeaturedProductInHomeScreen": false,
  "IncludeInTopMenu": false,
  "IsFood": false,
  "CategoryType": 1,
  "published": false,
  "DisplayOrder": 0,
  "Status": 1,
  "IsDeleted": 0,
  "CategoryString": "Food/Beverages",
  "ServiceFee": "0.0",
  "DeliveryFee": "0.0",
  "FrangacyId": 1
},{
  "_id": {
    "$oid": "60a8f0711333b89ed661ddd8"
  },
  "CategoryID": 16,
  "CategoryName": "Chicken",
  "CategoryImage": "9a36c29c-23ca-4fcb-98b2-2ea35d0d9793.jpg",
  "CategoryDescription": "<p>Fresh Chicken in daily market value</p>",
  "ParentCategoryID": 5,
  "ParentCategoryName": "Fish and Meat",
  "PriceRange": "",
  "ShowInHomePage": false,
  "ShowFeaturedProductInHomeScreen": false,
  "IncludeInTopMenu": false,
  "IsFood": false,
  "CategoryType": 0,
  "published": false,
  "DisplayOrder": 0,
  "Status": 1,
  "IsDeleted": 0,
  "CategoryString": "Fish and Meat/Chicken ",
  "ServiceFee": "0.0",
  "DeliveryFee": "0.0",
  "FrangacyId": 1
},{
  "_id": {
    "$oid": "60a9ef696855b49a0a4e982d"
  },
  "CategoryID": 17,
  "CategoryName": "Duck",
  "CategoryImage": "0e7d0221-96b1-4c45-9447-c1d2fcd47b79.jpg",
  "CategoryDescription": "<p>Fresh Ducks</p>",
  "ParentCategoryID": 5,
  "ParentCategoryName": "Fish and Meat",
  "PriceRange": "",
  "ShowInHomePage": false,
  "ShowFeaturedProductInHomeScreen": false,
  "IncludeInTopMenu": false,
  "IsFood": false,
  "CategoryType": 0,
  "published": false,
  "DisplayOrder": 0,
  "Status": 1,
  "IsDeleted": 0,
  "CategoryString": "Fish and Meat/Duck",
  "ServiceFee": "0.0",
  "DeliveryFee": "0.0",
  "FrangacyId": 1
},{
  "_id": {
    "$oid": "60a9fd6d6855b49a0a4e9839"
  },
  "CategoryID": 18,
  "CategoryName": "Curry Powders",
  "CategoryImage": "94ad7267-a9f6-4655-ad67-aea6b607ef06.jpg",
  "CategoryDescription": "<p>Types of Curry Powders</p>",
  "ParentCategoryID": 1,
  "ParentCategoryName": "Grocery",
  "PriceRange": "",
  "ShowInHomePage": false,
  "ShowFeaturedProductInHomeScreen": false,
  "IncludeInTopMenu": false,
  "IsFood": false,
  "CategoryType": 2,
  "published": false,
  "DisplayOrder": 0,
  "Status": 1,
  "IsDeleted": 0,
  "CategoryString": "Grocery/Curry Powders",
  "ServiceFee": "0.0",
  "DeliveryFee": "0.0",
  "FrangacyId": 1
},{
  "_id": {
    "$oid": "60a9ff726855b49a0a4e983a"
  },
  "CategoryID": 19,
  "CategoryName": "Nirapara",
  "CategoryImage": "4daa20bf-5eba-4c2c-b7cf-d45c2c291327.jpg",
  "CategoryDescription": "<p>Types of curry masalas</p>",
  "ParentCategoryID": 42,
  "ParentCategoryName": "Rice Powder",
  "PriceRange": "",
  "ShowInHomePage": false,
  "ShowFeaturedProductInHomeScreen": false,
  "IncludeInTopMenu": false,
  "IsFood": false,
  "CategoryType": 2,
  "published": false,
  "DisplayOrder": 0,
  "Status": 1,
  "IsDeleted": 0,
  "CategoryString": "Grocery/Rice Powder/Nirapara",
  "ServiceFee": "0.0",
  "DeliveryFee": "0.0",
  "FrangacyId": 1
},{
  "_id": {
    "$oid": "60b5cc8bac5981bb20db937d"
  },
  "CategoryID": 20,
  "CategoryName": "AVT",
  "CategoryImage": "bb7fe0cd-dfbd-40b2-b5ab-72894e5a8e20.jpg",
  "CategoryDescription": "<p>AVT Products</p>",
  "ParentCategoryID": 1,
  "ParentCategoryName": "Grocery",
  "PriceRange": "",
  "ShowInHomePage": false,
  "ShowFeaturedProductInHomeScreen": false,
  "IncludeInTopMenu": false,
  "IsFood": false,
  "CategoryType": 2,
  "published": false,
  "DisplayOrder": 0,
  "Status": 2,
  "IsDeleted": 0,
  "CategoryString": "Grocery/AVT",
  "ServiceFee": "0.0",
  "DeliveryFee": "0.0",
  "FrangacyId": 1
},{
  "_id": {
    "$oid": "60b6056353338bfdbb2e9048"
  },
  "CategoryID": 21,
  "CategoryName": "Coconut Oils",
  "CategoryImage": "29fec912-db34-498f-9b4e-dd8ed5090c34.jpg",
  "CategoryDescription": "<p>Coconut oils category</p>",
  "ParentCategoryID": 1,
  "ParentCategoryName": "Grocery",
  "PriceRange": "",
  "ShowInHomePage": false,
  "ShowFeaturedProductInHomeScreen": false,
  "IncludeInTopMenu": false,
  "IsFood": false,
  "CategoryType": 2,
  "published": false,
  "DisplayOrder": 0,
  "Status": 2,
  "IsDeleted": 0,
  "CategoryString": "Grocery/Coconut Oils",
  "ServiceFee": "0.0",
  "DeliveryFee": "0.0",
  "FrangacyId": 1
},{
  "_id": {
    "$oid": "60b60a3453338bfdbb2e904c"
  },
  "CategoryID": 22,
  "CategoryName": "Oils",
  "CategoryImage": "dd1847f2-b70e-443b-a7a6-3a1ae08586a9.jpg",
  "CategoryDescription": "<p>Oil products</p>",
  "ParentCategoryID": 21,
  "ParentCategoryName": "Coconut Oils",
  "PriceRange": "",
  "ShowInHomePage": false,
  "ShowFeaturedProductInHomeScreen": false,
  "IncludeInTopMenu": false,
  "IsFood": false,
  "CategoryType": 2,
  "published": false,
  "DisplayOrder": 0,
  "Status": 1,
  "IsDeleted": 0,
  "CategoryString": "Grocery/Coconut Oils/Oils",
  "ServiceFee": "0.0",
  "DeliveryFee": "0.0",
  "FrangacyId": 1
},{
  "_id": {
    "$oid": "60bc99b40e7325b590091f84"
  },
  "CategoryID": 23,
  "CategoryName": "Home Cleaners",
  "CategoryImage": "7229d5d7-d1b6-48dd-9d72-30d3ebe24d78.jpg",
  "CategoryDescription": "<p>Home cleaning products</p>",
  "ParentCategoryID": 1,
  "ParentCategoryName": "Grocery",
  "PriceRange": "",
  "ShowInHomePage": false,
  "ShowFeaturedProductInHomeScreen": false,
  "IncludeInTopMenu": false,
  "IsFood": false,
  "CategoryType": 2,
  "published": false,
  "DisplayOrder": 0,
  "Status": 2,
  "IsDeleted": 0,
  "CategoryString": "Grocery/Home Cleaners",
  "ServiceFee": "0.0",
  "DeliveryFee": "0.0",
  "FrangacyId": 1
},{
  "_id": {
    "$oid": "60bc9c390e7325b590091f8b"
  },
  "CategoryID": 24,
  "CategoryName": "Detergents and fabric conditions",
  "CategoryImage": "4d8afd63-c5a3-4f1c-8b6d-c13d74bbde85.jpg",
  "CategoryDescription": "<p>Detergents and fabric conditions products</p>",
  "ParentCategoryID": 1,
  "ParentCategoryName": "Grocery",
  "PriceRange": "",
  "ShowInHomePage": false,
  "ShowFeaturedProductInHomeScreen": false,
  "IncludeInTopMenu": false,
  "IsFood": false,
  "CategoryType": 2,
  "published": false,
  "DisplayOrder": 0,
  "Status": 2,
  "IsDeleted": 1,
  "CategoryString": "Grocery/Detergents and fabric conditions",
  "ServiceFee": "0.0",
  "DeliveryFee": "0.0",
  "FrangacyId": 1
},{
  "_id": {
    "$oid": "60bc9cf30e7325b590091f8c"
  },
  "CategoryID": 25,
  "CategoryName": "Kitchen Cleaners",
  "CategoryImage": "e8a30402-c3e9-4931-8397-490e67bf36f3.jpg",
  "CategoryDescription": "<p>kitchen cleaning products</p>",
  "ParentCategoryID": 1,
  "ParentCategoryName": "Grocery",
  "PriceRange": "",
  "ShowInHomePage": false,
  "ShowFeaturedProductInHomeScreen": false,
  "IncludeInTopMenu": false,
  "IsFood": false,
  "CategoryType": 2,
  "published": false,
  "DisplayOrder": 0,
  "Status": 2,
  "IsDeleted": 0,
  "CategoryString": "Grocery/Kitchen Cleaners",
  "ServiceFee": "0.0",
  "DeliveryFee": "0.0",
  "FrangacyId": 1
},{
  "_id": {
    "$oid": "60c2fe369e23eb0dd54d9749"
  },
  "CategoryID": 26,
  "CategoryName": "Fish",
  "CategoryImage": "1b464088-2890-4cef-a7e4-5bf133f4012f.jpg",
  "CategoryDescription": "<p>Fresh fish</p>",
  "ParentCategoryID": 5,
  "ParentCategoryName": "Fish and Meat",
  "PriceRange": "",
  "ShowInHomePage": false,
  "ShowFeaturedProductInHomeScreen": false,
  "IncludeInTopMenu": false,
  "IsFood": false,
  "CategoryType": 0,
  "published": false,
  "DisplayOrder": 0,
  "Status": 1,
  "IsDeleted": 0,
  "CategoryString": "Fish and Meat/Fish",
  "ServiceFee": "0.0",
  "DeliveryFee": "0.0",
  "FrangacyId": 1
},{
  "_id": {
    "$oid": "60c331e09e23eb0dd54d9763"
  },
  "CategoryID": 27,
  "CategoryName": "Vegetables",
  "CategoryImage": "c0551b33-3f35-4bc0-b84b-3e391e87cfb5.jpg",
  "CategoryDescription": "<p>Vegetable Stores</p>",
  "ParentCategoryID": 6,
  "ParentCategoryName": "Fruits and Vegetables",
  "PriceRange": "",
  "ShowInHomePage": false,
  "ShowFeaturedProductInHomeScreen": false,
  "IncludeInTopMenu": false,
  "IsFood": false,
  "CategoryType": 0,
  "published": false,
  "DisplayOrder": 0,
  "Status": 1,
  "IsDeleted": 0,
  "CategoryString": "Fruits and Vegetables/Vegetables",
  "ServiceFee": "0.0",
  "DeliveryFee": "0.0",
  "FrangacyId": 27
},{
  "_id": {
    "$oid": "60c5b588ff05f1a45965449c"
  },
  "CategoryID": 28,
  "CategoryName": "Kitchen Treasures",
  "CategoryImage": "2c306aab-047c-4631-84bb-a7069abd4771.jpg",
  "CategoryDescription": "<p>Kitchen Treasures items</p>",
  "ParentCategoryID": 18,
  "ParentCategoryName": "Curry Powders",
  "PriceRange": "",
  "ShowInHomePage": false,
  "ShowFeaturedProductInHomeScreen": false,
  "IncludeInTopMenu": false,
  "IsFood": false,
  "CategoryType": 2,
  "published": false,
  "DisplayOrder": 0,
  "Status": 1,
  "IsDeleted": 0,
  "CategoryString": "Grocery/Curry Powders/Kitchen Treasures",
  "ServiceFee": "0.0",
  "DeliveryFee": "0.0",
  "FrangacyId": 1
},{
  "_id": {
    "$oid": "60c5bb9fff05f1a4596544aa"
  },
  "CategoryID": 29,
  "CategoryName": "Eastern Curry Powders",
  "CategoryImage": "5c4ace1a-1892-43f2-8fcf-73e13f3177a8.jpg",
  "CategoryDescription": "<p>Eastern Curry Powder Items</p>",
  "ParentCategoryID": 18,
  "ParentCategoryName": "Curry Powders",
  "PriceRange": "",
  "ShowInHomePage": false,
  "ShowFeaturedProductInHomeScreen": false,
  "IncludeInTopMenu": false,
  "IsFood": false,
  "CategoryType": 2,
  "published": false,
  "DisplayOrder": 0,
  "Status": 1,
  "IsDeleted": 0,
  "CategoryString": "Grocery/Curry Powders/Eastern Curry Powders",
  "ServiceFee": "0.0",
  "DeliveryFee": "0.0",
  "FrangacyId": 1
},{
  "_id": {
    "$oid": "60c6ebee5a17631cc2d7f398"
  },
  "CategoryID": 30,
  "CategoryName": "Rice Powders",
  "CategoryImage": "1ddf24ab-7d35-4051-bed0-a5b0b8100d9f.jpg",
  "CategoryDescription": "<p>Rice powder Items</p>",
  "ParentCategoryID": 1,
  "ParentCategoryName": "Grocery",
  "PriceRange": "",
  "ShowInHomePage": false,
  "ShowFeaturedProductInHomeScreen": false,
  "IncludeInTopMenu": false,
  "IsFood": false,
  "CategoryType": 2,
  "published": false,
  "DisplayOrder": 0,
  "Status": 2,
  "IsDeleted": 1,
  "CategoryString": "Grocery/Rice Powders",
  "ServiceFee": "0.0",
  "DeliveryFee": "0.0",
  "FrangacyId": 1
},{
  "_id": {
    "$oid": "60c6ed425a17631cc2d7f399"
  },
  "CategoryID": 31,
  "CategoryName": "Eastern Rice Powders",
  "CategoryImage": "d2b82027-15a9-4074-aaca-8d00de6171fb.jpg",
  "CategoryDescription": "<p>Rice powder items</p>",
  "ParentCategoryID": 42,
  "ParentCategoryName": "Rice Powder",
  "PriceRange": "",
  "ShowInHomePage": false,
  "ShowFeaturedProductInHomeScreen": false,
  "IncludeInTopMenu": false,
  "IsFood": false,
  "CategoryType": 2,
  "published": false,
  "DisplayOrder": 0,
  "Status": 1,
  "IsDeleted": 0,
  "CategoryString": "Grocery/Rice Powder/Eastern Rice Powders",
  "ServiceFee": "0.0",
  "DeliveryFee": "0.0",
  "FrangacyId": 1
},{
  "_id": {
    "$oid": "60cc6d95b901c5f1ecd0f29d"
  },
  "CategoryID": 32,
  "CategoryName": "Bags",
  "CategoryImage": "efb91866-1e29-4324-8e65-baf65c0ab5f2.jpg",
  "CategoryDescription": "<p>Quality Bags</p>",
  "ParentCategoryID": 4,
  "ParentCategoryName": "Fashion Zone",
  "PriceRange": "",
  "ShowInHomePage": false,
  "ShowFeaturedProductInHomeScreen": false,
  "IncludeInTopMenu": false,
  "IsFood": false,
  "CategoryType": 0,
  "published": false,
  "DisplayOrder": 0,
  "Status": 1,
  "IsDeleted": 0,
  "CategoryString": "Fashion Zone/Bags",
  "ServiceFee": "0.0",
  "DeliveryFee": "0.0",
  "FrangacyId": 1
},{
  "_id": {
    "$oid": "60d474f40733acc59860f270"
  },
  "CategoryID": 33,
  "CategoryName": "Dry Fish",
  "CategoryImage": "72dc1527-7bea-4a82-90d8-17752e12ffd3.jpg",
  "CategoryDescription": "<p>Dry Fishes</p>",
  "ParentCategoryID": 5,
  "ParentCategoryName": "Fish and Meat",
  "PriceRange": "",
  "ShowInHomePage": false,
  "ShowFeaturedProductInHomeScreen": false,
  "IncludeInTopMenu": false,
  "IsFood": false,
  "CategoryType": 0,
  "published": false,
  "DisplayOrder": 0,
  "Status": 1,
  "IsDeleted": 0,
  "CategoryString": "Fish and Meat/Dry Fish",
  "ServiceFee": "0.0",
  "DeliveryFee": "0.0",
  "FrangacyId": 1
},{
  "_id": {
    "$oid": "60d57b902e36bb3da03d980c"
  },
  "CategoryID": 34,
  "CategoryName": "Melam Curry Powders",
  "CategoryImage": "a50ede32-a3e6-4e2c-a24a-d79d0f7b08d8.jpg",
  "CategoryDescription": "<p>Melam Curry Powders</p><p>&nbsp;</p>",
  "ParentCategoryID": 6,
  "ParentCategoryName": "Fruits and Vegetables",
  "PriceRange": "",
  "ShowInHomePage": false,
  "ShowFeaturedProductInHomeScreen": false,
  "IncludeInTopMenu": false,
  "IsFood": false,
  "CategoryType": 0,
  "published": false,
  "DisplayOrder": 0,
  "Status": 1,
  "IsDeleted": 0,
  "CategoryString": "Fruits and Vegetables/Melam Curry Powders",
  "ServiceFee": "0.0",
  "DeliveryFee": "0.0",
  "FrangacyId": 1
},{
  "_id": {
    "$oid": "60d57c362e36bb3da03d980d"
  },
  "CategoryID": 35,
  "CategoryName": "Melam",
  "CategoryImage": "fe281ef9-eb26-4973-a7d6-40022d43f53d.jpg",
  "CategoryDescription": "<p>Melam Curry powders</p>",
  "ParentCategoryID": 18,
  "ParentCategoryName": "Curry Powders",
  "PriceRange": "",
  "ShowInHomePage": false,
  "ShowFeaturedProductInHomeScreen": false,
  "IncludeInTopMenu": false,
  "IsFood": false,
  "CategoryType": 2,
  "published": false,
  "DisplayOrder": 0,
  "Status": 1,
  "IsDeleted": 0,
  "CategoryString": "Grocery/Curry Powders/Melam",
  "ServiceFee": "0.0",
  "DeliveryFee": "0.0",
  "FrangacyId": 1
},{
  "_id": {
    "$oid": "60d582442e36bb3da03d9811"
  },
  "CategoryID": 36,
  "CategoryName": "Eastern",
  "CategoryImage": "03238fef-de7d-46c4-b8a9-43d2e2fb7a4c.jpg",
  "CategoryDescription": "<p>Eastern products</p>",
  "ParentCategoryID": 6,
  "ParentCategoryName": "Fruits and Vegetables",
  "PriceRange": "",
  "ShowInHomePage": false,
  "ShowFeaturedProductInHomeScreen": false,
  "IncludeInTopMenu": false,
  "IsFood": false,
  "CategoryType": 0,
  "published": false,
  "DisplayOrder": 0,
  "Status": 1,
  "IsDeleted": 0,
  "CategoryString": "Fruits and Vegetables/Eastern",
  "ServiceFee": "0.0",
  "DeliveryFee": "0.0",
  "FrangacyId": 1
},{
  "_id": {
    "$oid": "60e3f02d715c31c088c007aa"
  },
  "CategoryID": 37,
  "CategoryName": "Homely Food",
  "CategoryImage": "27a081b1-c3e8-4a95-8947-ba0ed4e1ddb4.jpg",
  "CategoryDescription": "<p>Kerala's traditional pothichore</p>",
  "ParentCategoryID": 2,
  "ParentCategoryName": "Food",
  "PriceRange": "",
  "ShowInHomePage": true,
  "ShowFeaturedProductInHomeScreen": false,
  "IncludeInTopMenu": true,
  "IsFood": false,
  "CategoryType": 1,
  "published": false,
  "DisplayOrder": 0,
  "Status": 1,
  "IsDeleted": 0,
  "CategoryString": "Food/Homely Food",
  "ServiceFee": "0.0",
  "DeliveryFee": "0.0",
  "FrangacyId": 1
},{
  "_id": {
    "$oid": "6107ce1cf4360c11b27387bd"
  },
  "CategoryID": 38,
  "CategoryName": "Rice",
  "CategoryImage": "c5f9f9bd-0db0-488e-af56-02485d831254.jpg",
  "CategoryDescription": "<p>Rice Items</p>",
  "ParentCategoryID": 1,
  "ParentCategoryName": "Grocery",
  "PriceRange": "",
  "ShowInHomePage": false,
  "ShowFeaturedProductInHomeScreen": false,
  "IncludeInTopMenu": false,
  "IsFood": false,
  "CategoryType": 2,
  "published": false,
  "DisplayOrder": 0,
  "Status": 1,
  "IsDeleted": 0,
  "CategoryString": "Grocery/Rice",
  "ServiceFee": "0.0",
  "DeliveryFee": "0.0",
  "FrangacyId": 1
},{
  "_id": {
    "$oid": "61092771e925f9b32344380b"
  },
  "CategoryID": 39,
  "CategoryName": "Detergents and Cleaners",
  "CategoryImage": "744e5d79-72cf-4f4d-bb14-0e4f2be8b9d4.jpg",
  "CategoryDescription": "<p>Detergents and Cleaning items</p>",
  "ParentCategoryID": 1,
  "ParentCategoryName": "Grocery",
  "PriceRange": "",
  "ShowInHomePage": false,
  "ShowFeaturedProductInHomeScreen": false,
  "IncludeInTopMenu": false,
  "IsFood": false,
  "CategoryType": 2,
  "published": false,
  "DisplayOrder": 0,
  "Status": 2,
  "IsDeleted": 0,
  "CategoryString": "Grocery/Detergents and Cleaners",
  "ServiceFee": "0.0",
  "DeliveryFee": "0.0",
  "FrangacyId": 1
},{
  "_id": {
    "$oid": "61092994e925f9b32344380c"
  },
  "CategoryID": 40,
  "CategoryName": "Tea and Coffee Powders",
  "CategoryImage": "fad782f8-8d14-4aff-bb49-1f4d1e0ba274.jpg",
  "CategoryDescription": "<p>Tea and Coffee Powders</p>",
  "ParentCategoryID": 1,
  "ParentCategoryName": "Grocery",
  "PriceRange": "",
  "ShowInHomePage": false,
  "ShowFeaturedProductInHomeScreen": false,
  "IncludeInTopMenu": false,
  "IsFood": false,
  "CategoryType": 2,
  "published": false,
  "DisplayOrder": 0,
  "Status": 1,
  "IsDeleted": 0,
  "CategoryString": "Grocery/Tea and Coffee Powders",
  "ServiceFee": "0.0",
  "DeliveryFee": "0.0",
  "FrangacyId": 1
},{
  "_id": {
    "$oid": "610931cde925f9b323443812"
  },
  "CategoryID": 41,
  "CategoryName": "Sugar",
  "CategoryImage": "d57870cb-af38-4aff-9ca9-f90af4217202.jpg",
  "CategoryDescription": "<p>Sugar items</p>",
  "ParentCategoryID": 1,
  "ParentCategoryName": "Grocery",
  "PriceRange": "",
  "ShowInHomePage": false,
  "ShowFeaturedProductInHomeScreen": false,
  "IncludeInTopMenu": false,
  "IsFood": false,
  "CategoryType": 2,
  "published": false,
  "DisplayOrder": 0,
  "Status": 1,
  "IsDeleted": 0,
  "CategoryString": "Grocery/Sugar",
  "ServiceFee": "0.0",
  "DeliveryFee": "0.0",
  "FrangacyId": 1
},{
  "_id": {
    "$oid": "610a6668a14eff3f440f999e"
  },
  "CategoryID": 42,
  "CategoryName": "Rice Powder",
  "CategoryImage": "15f0c283-ce62-4e27-936d-7a08c568d98f.jpg",
  "CategoryDescription": "<p>Rice Powder</p>",
  "ParentCategoryID": 1,
  "ParentCategoryName": "Grocery",
  "PriceRange": "",
  "ShowInHomePage": false,
  "ShowFeaturedProductInHomeScreen": false,
  "IncludeInTopMenu": false,
  "IsFood": false,
  "CategoryType": 2,
  "published": false,
  "DisplayOrder": 0,
  "Status": 1,
  "IsDeleted": 0,
  "CategoryString": "Grocery/Rice Powder",
  "ServiceFee": "0.0",
  "DeliveryFee": "0.0",
  "FrangacyId": 1
},{
  "_id": {
    "$oid": "6135b49ece1e44b69cbf2521"
  },
  "CategoryID": 43,
  "CategoryName": "Arabian Dishes",
  "CategoryImage": "a03b7470-272a-4e89-a8f5-e0f5a8ee346b.jpg",
  "CategoryDescription": "<p>Tasty</p>",
  "ParentCategoryID": 2,
  "ParentCategoryName": "Food",
  "PriceRange": "",
  "ShowInHomePage": false,
  "ShowFeaturedProductInHomeScreen": false,
  "IncludeInTopMenu": false,
  "IsFood": false,
  "CategoryType": 1,
  "published": false,
  "DisplayOrder": 0,
  "Status": 2,
  "IsDeleted": 1,
  "CategoryString": "Food/Arabian Dishes",
  "ServiceFee": "0.0",
  "DeliveryFee": "0.0",
  "FrangacyId": 1
}]