[{
  "_id": {
    "$oid": "60e3ee1f715c31c088c007a5"
  },
  "TicketId": 1,
  "OwnerId": 397,
  "AgentId": 1,
  "OwnerType": "Customer",
  "Issue": "Where can I find currently running offers/ promotions?",
  "OrderId": 118,
  "Status": 1,
  "CreatedOn": {
    "$date": "2021-07-06T05:46:07.896Z"
  },
  "IsDeleted": 0
},{
  "_id": {
    "$oid": "60ebab8b80039f4505608360"
  },
  "TicketId": 2,
  "OwnerId": 303,
  "AgentId": 1,
  "OwnerType": "Customer",
  "Issue": "Can we expect fruits delivery shortly.",
  "OrderId": 193,
  "Status": 1,
  "CreatedOn": {
    "$date": "2021-07-12T02:40:11.437Z"
  },
  "IsDeleted": 0
},{
  "_id": {
    "$oid": "60f8077ca052a57edf6950ee"
  },
  "TicketId": 3,
  "OwnerId": 121,
  "AgentId": 1,
  "OwnerType": "Customer",
  "Issue": "I'd like to suggest some products. Who do I contact?",
  "OrderId": 21,
  "Status": 1,
  "CreatedOn": {
    "$date": "2021-07-21T11:39:40.522Z"
  },
  "IsDeleted": 0
},{
  "_id": {
    "$oid": "60f80994a052a57edf6950f9"
  },
  "TicketId": 4,
  "OwnerId": 121,
  "AgentId": 1,
  "OwnerType": "Customer",
  "Issue": "I am a corporate/ business. Can I place orders with Bookat Online Store?",
  "OrderId": 232,
  "Status": 1,
  "CreatedOn": {
    "$date": "2021-07-21T11:48:36.164Z"
  },
  "IsDeleted": 0
},{
  "_id": {
    "$oid": "60f809ada052a57edf6950fa"
  },
  "TicketId": 5,
  "OwnerId": 121,
  "AgentId": 1,
  "OwnerType": "Customer",
  "Issue": "No",
  "OrderId": 231,
  "Status": 2,
  "CreatedOn": {
    "$date": "2021-07-21T11:49:01.875Z"
  },
  "IsDeleted": 0
},{
  "_id": {
    "$oid": "6121eae1ea4a12ab84a443eb"
  },
  "TicketId": 6,
  "OwnerId": 412,
  "AgentId": 1,
  "OwnerType": "Customer",
  "Issue": "Yesterday i purchased 3 pissa large\nIt was quality wise and quantity wise very poor not expected like this from albake \nPlease take necessary improvements in future\nOthervise no body will order and think 2nd order",
  "OrderId": 311,
  "Status": 1,
  "CreatedOn": {
    "$date": "2021-08-22T06:12:49.164Z"
  },
  "IsDeleted": 0,
  "ZoneId": 1
}]