[{
  "_id": {
    "$oid": "60c5dcedff05f1a4596544dc"
  },
  "FeedBackId": 1,
  "CustomerId": 348,
  "OrderId": 84,
  "Comment": null,
  "Rating": 4,
  "Type": 1,
  "TypeId": 5,
  "CreatedDate": {
    "$date": "2021-06-13T10:24:45.264Z"
  },
  "IsDeleted": 0
},{
  "_id": {
    "$oid": "60c5dcf1ff05f1a4596544dd"
  },
  "FeedBackId": 2,
  "CustomerId": 348,
  "OrderId": 84,
  "Comment": "",
  "Rating": 4,
  "Type": 2,
  "TypeId": 13,
  "CreatedDate": {
    "$date": "2021-06-13T10:24:49.308Z"
  },
  "IsDeleted": 0
},{
  "_id": {
    "$oid": "60cb3c18231d82282b75e17d"
  },
  "FeedBackId": 3,
  "CustomerId": 443,
  "OrderId": 115,
  "Comment": null,
  "Rating": 5,
  "Type": 1,
  "TypeId": 5,
  "CreatedDate": {
    "$date": "2021-06-17T12:12:08.886Z"
  },
  "IsDeleted": 0
},{
  "_id": {
    "$oid": "60cb3c1e231d82282b75e17e"
  },
  "FeedBackId": 4,
  "CustomerId": 443,
  "OrderId": 115,
  "Comment": "",
  "Rating": 5,
  "Type": 2,
  "TypeId": 18,
  "CreatedDate": {
    "$date": "2021-06-17T12:12:14.182Z"
  },
  "IsDeleted": 0
},{
  "_id": {
    "$oid": "60dd9cdf7036caa12e9ec247"
  },
  "FeedBackId": 5,
  "CustomerId": 98,
  "OrderId": 117,
  "Comment": null,
  "Rating": 5,
  "Type": 2,
  "TypeId": 18,
  "CreatedDate": {
    "$date": "2021-07-01T10:45:51.869Z"
  },
  "IsDeleted": 0
},{
  "_id": {
    "$oid": "60dd9ce57036caa12e9ec248"
  },
  "FeedBackId": 6,
  "CustomerId": 98,
  "OrderId": 117,
  "Comment": "",
  "Rating": 2,
  "Type": 1,
  "TypeId": 15,
  "CreatedDate": {
    "$date": "2021-07-01T10:45:57.164Z"
  },
  "IsDeleted": 0
},{
  "_id": {
    "$oid": "610cff9e1d56b47ab6b0c850"
  },
  "FeedBackId": 7,
  "CustomerId": 31,
  "OrderId": 260,
  "Comment": "Very good",
  "Rating": 5,
  "Type": 1,
  "TypeId": 17,
  "CreatedDate": {
    "$date": "2021-08-06T09:23:42.031Z"
  },
  "IsDeleted": 0
},{
  "_id": {
    "$oid": "610cffb21d56b47ab6b0c851"
  },
  "FeedBackId": 8,
  "CustomerId": 31,
  "OrderId": 260,
  "Comment": "Very good service",
  "Rating": 5,
  "Type": 2,
  "TypeId": 18,
  "CreatedDate": {
    "$date": "2021-08-06T09:24:02.284Z"
  },
  "IsDeleted": 0
},{
  "_id": {
    "$oid": "612b1e4de75121577d3dfdc4"
  },
  "FeedBackId": 9,
  "CustomerId": 778,
  "OrderId": 337,
  "Comment": null,
  "Rating": 5,
  "Type": 1,
  "TypeId": 13,
  "CreatedDate": {
    "$date": "2021-08-29T05:42:37.237Z"
  },
  "IsDeleted": 0
},{
  "_id": {
    "$oid": "612b1e78e75121577d3dfdc5"
  },
  "FeedBackId": 10,
  "CustomerId": 778,
  "OrderId": 337,
  "Comment": "Keep fast delivery broh👍",
  "Rating": 5,
  "Type": 2,
  "TypeId": 27,
  "CreatedDate": {
    "$date": "2021-08-29T05:43:20.663Z"
  },
  "IsDeleted": 0
},{
  "_id": {
    "$oid": "613f4991456ff57ed71bc118"
  },
  "FeedBackId": 11,
  "CustomerId": 791,
  "OrderId": 414,
  "Comment": "Nice dealing with costumes",
  "Rating": 5,
  "Type": 1,
  "TypeId": 4,
  "CreatedDate": {
    "$date": "2021-09-13T12:52:33.413Z"
  },
  "IsDeleted": 0
},{
  "_id": {
    "$oid": "613f499b456ff57ed71bc119"
  },
  "FeedBackId": 12,
  "CustomerId": 791,
  "OrderId": 414,
  "Comment": "Nice",
  "Rating": 4,
  "Type": 2,
  "TypeId": 29,
  "CreatedDate": {
    "$date": "2021-09-13T12:52:43.230Z"
  },
  "IsDeleted": 0
},{
  "_id": {
    "$oid": "61487cb0de17a7bf4fb65cac"
  },
  "FeedBackId": 13,
  "CustomerId": 26,
  "OrderId": 430,
  "Comment": "Delicious Food",
  "Rating": 5,
  "Type": 1,
  "TypeId": 8,
  "CreatedDate": {
    "$date": "2021-09-20T12:21:04.463Z"
  },
  "IsDeleted": 0
},{
  "_id": {
    "$oid": "61487cc5de17a7bf4fb65cad"
  },
  "FeedBackId": 14,
  "CustomerId": 26,
  "OrderId": 430,
  "Comment": "Nice Dealings",
  "Rating": 5,
  "Type": 2,
  "TypeId": 29,
  "CreatedDate": {
    "$date": "2021-09-20T12:21:25.770Z"
  },
  "IsDeleted": 0
}]