[{
  "_id": {
    "$oid": "61038fcfb93c6edad1781ea5"
  },
  "ChatId": 1,
  "TicketId": 2,
  "Message": "Sure\n",
  "Sender": "agent",
  "CreatedOn": {
    "$date": "2021-07-30T05:36:15.405Z"
  }
},{
  "_id": {
    "$oid": "6103901eb93c6edad1781ea6"
  },
  "ChatId": 2,
  "TicketId": 3,
  "Message": "Kindly contact to our customer care",
  "Sender": "agent",
  "CreatedOn": {
    "$date": "2021-07-30T05:37:34.778Z"
  }
},{
  "_id": {
    "$oid": "6103908fb93c6edad1781ea7"
  },
  "ChatId": 3,
  "TicketId": 1,
  "Message": "It would be shown in the dashboard of the app.",
  "Sender": "agent",
  "CreatedOn": {
    "$date": "2021-07-30T05:39:27.321Z"
  }
},{
  "_id": {
    "$oid": "610390f7b93c6edad1781ea8"
  },
  "ChatId": 4,
  "TicketId": 4,
  "Message": "Sure Sir",
  "Sender": "agent",
  "CreatedOn": {
    "$date": "2021-07-30T05:41:11.124Z"
  }
}]